{
  "title": "Execute Fish shell autocomplete",
  "rules": [
    {
      "description": "Left Shift + Enter maps to Right Arrow > Enter, which will execute the suggested command in Fish shell",
      "manipulators": [
        {
          "type": "basic",
          "from": {
            "modifiers": {
              "mandatory": [
                "left_shift"
              ]
            },
            "key_code": "return_or_enter"
          },
          "to": [
            {
              "key_code": "right_arrow"
            },
            {
              "key_code": "return_or_enter"
            }
          ],
          "conditions": [
            {
              "type": "frontmost_application_if",
              "bundle_identifiers": [
                "^com\\.apple\\.Terminal$",
                "^com\\.googlecode\\.iterm2$",
                "^co\\.zeit\\.hyperterm$",
                "^co\\.zeit\\.hyper$"
              ]
            }
          ]
        }
      ]
    }
  ]
}