{
  "title": "Map Left Option + Spacebar to Enter",
  "rules": [
    {
      "description": "Map Left Option + Spacebar to Enter",
      "manipulators": [
        {
          "type": "basic",
          "from": {
            "modifiers": {
              "mandatory": [
                "left_alt"
              ]
            },
            "key_code": "spacebar"
          },
          "to": [
            {
              "repeat": true,
              "key_code": "return_or_enter"
            }
          ]
        }
      ]
    }
  ]
}
