{
    "global": {
        "check_for_updates_on_startup": true,
        "show_in_menu_bar": true,
        "show_profile_name_in_menu_bar": false
    },
    "profiles": [
        {
            "complex_modifications": {
                "parameters": {
                    "basic.simultaneous_threshold_milliseconds": 50,
                    "basic.to_delayed_action_delay_milliseconds": 500,
                    "basic.to_if_alone_timeout_milliseconds": 1000,
                    "basic.to_if_held_down_threshold_milliseconds": 500,
                    "mouse_motion_to_scroll.speed": 100
                },
                "rules": [
                    {
                        "description": "CAPS › ESC, CAPS+H/J/K/L › ←↓↑→, CAPS+D/U › PG↓↑",
                        "manipulators": [
                            {
                                "conditions": [
                                    {
                                        "name": "caps_lock pressed",
                                        "type": "variable_if",
                                        "value": 1
                                    }
                                ],
                                "from": {
                                    "key_code": "j",
                                    "modifiers": {
                                        "optional": [
                                            "any"
                                        ]
                                    }
                                },
                                "to": [
                                    {
                                        "key_code": "down_arrow"
                                    }
                                ],
                                "type": "basic"
                            },
                            {
                                "conditions": [
                                    {
                                        "name": "caps_lock pressed",
                                        "type": "variable_if",
                                        "value": 1
                                    }
                                ],
                                "from": {
                                    "key_code": "k",
                                    "modifiers": {
                                        "optional": [
                                            "any"
                                        ]
                                    }
                                },
                                "to": [
                                    {
                                        "key_code": "up_arrow"
                                    }
                                ],
                                "type": "basic"
                            },
                            {
                                "conditions": [
                                    {
                                        "name": "caps_lock pressed",
                                        "type": "variable_if",
                                        "value": 1
                                    }
                                ],
                                "from": {
                                    "key_code": "h",
                                    "modifiers": {
                                        "optional": [
                                            "any"
                                        ]
                                    }
                                },
                                "to": [
                                    {
                                        "key_code": "left_arrow"
                                    }
                                ],
                                "type": "basic"
                            },
                            {
                                "conditions": [
                                    {
                                        "name": "caps_lock pressed",
                                        "type": "variable_if",
                                        "value": 1
                                    }
                                ],
                                "from": {
                                    "key_code": "l",
                                    "modifiers": {
                                        "optional": [
                                            "any"
                                        ]
                                    }
                                },
                                "to": [
                                    {
                                        "key_code": "right_arrow"
                                    }
                                ],
                                "type": "basic"
                            },
                            {
                                "conditions": [
                                    {
                                        "name": "caps_lock pressed",
                                        "type": "variable_if",
                                        "value": 1
                                    }
                                ],
                                "from": {
                                    "key_code": "d",
                                    "modifiers": {
                                        "optional": [
                                            "any"
                                        ]
                                    }
                                },
                                "to": [
                                    {
                                        "key_code": "page_down"
                                    }
                                ],
                                "type": "basic"
                            },
                            {
                                "conditions": [
                                    {
                                        "name": "caps_lock pressed",
                                        "type": "variable_if",
                                        "value": 1
                                    }
                                ],
                                "from": {
                                    "key_code": "u",
                                    "modifiers": {
                                        "optional": [
                                            "any"
                                        ]
                                    }
                                },
                                "to": [
                                    {
                                        "key_code": "page_up"
                                    }
                                ],
                                "type": "basic"
                            },
                            {
                                "from": {
                                    "key_code": "caps_lock",
                                    "modifiers": {
                                        "optional": [
                                            "any"
                                        ]
                                    }
                                },
                                "to": [
                                    {
                                        "set_variable": {
                                            "name": "caps_lock pressed",
                                            "value": 1
                                        }
                                    }
                                ],
                                "to_after_key_up": [
                                    {
                                        "set_variable": {
                                            "name": "caps_lock pressed",
                                            "value": 0
                                        }
                                    }
                                ],
                                "to_if_alone": [
                                    {
                                        "key_code": "escape"
                                    }
                                ],
                                "type": "basic"
                            }
                        ]
                    },
                    {
                        "description": "CAPS+↩︎ › CAPS",
                        "manipulators": [
                            {
                                "conditions": [
                                    {
                                        "name": "caps_lock pressed",
                                        "type": "variable_if",
                                        "value": 1
                                    }
                                ],
                                "from": {
                                    "key_code": "return_or_enter",
                                    "modifiers": {
                                        "optional": [
                                            "any"
                                        ]
                                    }
                                },
                                "to": [
                                    {
                                        "key_code": "caps_lock"
                                    }
                                ],
                                "type": "basic"
                            }
                        ]
                    },
                    {
                        "description": "CAPS+A › CAPS",
                        "manipulators": [
                            {
                                "conditions": [
                                    {
                                        "name": "caps_lock pressed",
                                        "type": "variable_if",
                                        "value": 1
                                    }
                                ],
                                "from": {
                                    "key_code": "a",
                                    "modifiers": {
                                        "optional": [
                                            "any"
                                        ]
                                    }
                                },
                                "to": [
                                    {
                                        "key_code": "caps_lock"
                                    }
                                ],
                                "type": "basic"
                            }
                        ]
                    },
                    {
                        "description": "CAPS LOCK + hjkl to arrow keys",
                        "manipulators": [
                            {
                                "conditions": [
                                    {
                                        "name": "caps_lock pressed",
                                        "type": "variable_if",
                                        "value": 1
                                    }
                                ],
                                "from": {
                                    "key_code": "j",
                                    "modifiers": {
                                        "optional": [
                                            "any"
                                        ]
                                    }
                                },
                                "to": [
                                    {
                                        "key_code": "down_arrow"
                                    }
                                ],
                                "type": "basic"
                            },
                            {
                                "conditions": [
                                    {
                                        "name": "caps_lock pressed",
                                        "type": "variable_if",
                                        "value": 1
                                    }
                                ],
                                "from": {
                                    "key_code": "k",
                                    "modifiers": {
                                        "optional": [
                                            "any"
                                        ]
                                    }
                                },
                                "to": [
                                    {
                                        "key_code": "up_arrow"
                                    }
                                ],
                                "type": "basic"
                            },
                            {
                                "conditions": [
                                    {
                                        "name": "caps_lock pressed",
                                        "type": "variable_if",
                                        "value": 1
                                    }
                                ],
                                "from": {
                                    "key_code": "h",
                                    "modifiers": {
                                        "optional": [
                                            "any"
                                        ]
                                    }
                                },
                                "to": [
                                    {
                                        "key_code": "left_arrow"
                                    }
                                ],
                                "type": "basic"
                            },
                            {
                                "conditions": [
                                    {
                                        "name": "caps_lock pressed",
                                        "type": "variable_if",
                                        "value": 1
                                    }
                                ],
                                "from": {
                                    "key_code": "l",
                                    "modifiers": {
                                        "optional": [
                                            "any"
                                        ]
                                    }
                                },
                                "to": [
                                    {
                                        "key_code": "right_arrow"
                                    }
                                ],
                                "type": "basic"
                            },
                            {
                                "from": {
                                    "key_code": "caps_lock",
                                    "modifiers": {
                                        "optional": [
                                            "any"
                                        ]
                                    }
                                },
                                "to": [
                                    {
                                        "set_variable": {
                                            "name": "caps_lock pressed",
                                            "value": 1
                                        }
                                    }
                                ],
                                "to_after_key_up": [
                                    {
                                        "set_variable": {
                                            "name": "caps_lock pressed",
                                            "value": 0
                                        }
                                    }
                                ],
                                "type": "basic"
                            }
                        ]
                    },
                    {
                        "description": "CAPS LOCK + shift + hjkl to scroll",
                        "manipulators": [
                            {
                                "conditions": [
                                    {
                                        "name": "caps_lock pressed",
                                        "type": "variable_if",
                                        "value": 1
                                    }
                                ],
                                "from": {
                                    "key_code": "j",
                                    "modifiers": {
                                        "mandatory": [
                                            "shift"
                                        ]
                                    }
                                },
                                "to": [
                                    {
                                        "mouse_key": {
                                            "vertical_wheel": 40
                                        }
                                    }
                                ],
                                "type": "basic"
                            },
                            {
                                "conditions": [
                                    {
                                        "name": "caps_lock pressed",
                                        "type": "variable_if",
                                        "value": 1
                                    }
                                ],
                                "from": {
                                    "key_code": "k",
                                    "modifiers": {
                                        "mandatory": [
                                            "shift"
                                        ]
                                    }
                                },
                                "to": [
                                    {
                                        "mouse_key": {
                                            "vertical_wheel": -40
                                        }
                                    }
                                ],
                                "type": "basic"
                            },
                            {
                                "conditions": [
                                    {
                                        "name": "caps_lock pressed",
                                        "type": "variable_if",
                                        "value": 1
                                    }
                                ],
                                "from": {
                                    "key_code": "h",
                                    "modifiers": {
                                        "mandatory": [
                                            "shift"
                                        ]
                                    }
                                },
                                "to": [
                                    {
                                        "mouse_key": {
                                            "horizontal_wheel": -30
                                        }
                                    }
                                ],
                                "type": "basic"
                            },
                            {
                                "conditions": [
                                    {
                                        "name": "caps_lock pressed",
                                        "type": "variable_if",
                                        "value": 1
                                    }
                                ],
                                "from": {
                                    "key_code": "l",
                                    "modifiers": {
                                        "mandatory": [
                                            "shift"
                                        ]
                                    }
                                },
                                "to": [
                                    {
                                        "mouse_key": {
                                            "horizontal_wheel": -30
                                        }
                                    }
                                ],
                                "type": "basic"
                            },
                            {
                                "from": {
                                    "key_code": "caps_lock",
                                    "modifiers": {
                                        "optional": [
                                            "any"
                                        ]
                                    }
                                },
                                "to": [
                                    {
                                        "set_variable": {
                                            "name": "caps_lock pressed",
                                            "value": 1
                                        }
                                    }
                                ],
                                "to_after_key_up": [
                                    {
                                        "set_variable": {
                                            "name": "caps_lock pressed",
                                            "value": 0
                                        }
                                    }
                                ],
                                "type": "basic"
                            }
                        ]
                    }
                ]
            },
            "devices": [],
            "fn_function_keys": [
                {
                    "from": {
                        "key_code": "f1"
                    },
                    "to": [
                        {
                            "consumer_key_code": "display_brightness_decrement"
                        }
                    ]
                },
                {
                    "from": {
                        "key_code": "f2"
                    },
                    "to": [
                        {
                            "consumer_key_code": "display_brightness_increment"
                        }
                    ]
                },
                {
                    "from": {
                        "key_code": "f3"
                    },
                    "to": [
                        {
                            "apple_vendor_keyboard_key_code": "mission_control"
                        }
                    ]
                },
                {
                    "from": {
                        "key_code": "f4"
                    },
                    "to": [
                        {
                            "apple_vendor_keyboard_key_code": "spotlight"
                        }
                    ]
                },
                {
                    "from": {
                        "key_code": "f5"
                    },
                    "to": [
                        {
                            "consumer_key_code": "dictation"
                        }
                    ]
                },
                {
                    "from": {
                        "key_code": "f6"
                    },
                    "to": [
                        {
                            "key_code": "f6"
                        }
                    ]
                },
                {
                    "from": {
                        "key_code": "f7"
                    },
                    "to": [
                        {
                            "consumer_key_code": "rewind"
                        }
                    ]
                },
                {
                    "from": {
                        "key_code": "f8"
                    },
                    "to": [
                        {
                            "consumer_key_code": "play_or_pause"
                        }
                    ]
                },
                {
                    "from": {
                        "key_code": "f9"
                    },
                    "to": [
                        {
                            "consumer_key_code": "fast_forward"
                        }
                    ]
                },
                {
                    "from": {
                        "key_code": "f10"
                    },
                    "to": [
                        {
                            "consumer_key_code": "mute"
                        }
                    ]
                },
                {
                    "from": {
                        "key_code": "f11"
                    },
                    "to": [
                        {
                            "consumer_key_code": "volume_decrement"
                        }
                    ]
                },
                {
                    "from": {
                        "key_code": "f12"
                    },
                    "to": [
                        {
                            "consumer_key_code": "volume_increment"
                        }
                    ]
                }
            ],
            "name": "Default profile",
            "parameters": {
                "delay_milliseconds_before_open_device": 1000
            },
            "selected": true,
            "simple_modifications": [],
            "virtual_hid_keyboard": {
                "country_code": 0,
                "indicate_sticky_modifier_keys_state": true,
                "mouse_key_xy_scale": 100
            }
        }
    ]
}